color_code,file_name,true_R,true_G,true_B,observed_R,observed_G,observed_B,red_R,red_G,red_B,green_R,green_G,green_B,blue_R,blue_G,blue_B
2002-4B,2002-4B_6,239,184,184,202,172,133,183,60,23,25,84,41,27,41,82
2002-6C,2002-6C_7,236,184,174,198,168,130,188,59,30,26,83,46,26,40,87
2002-4B,2002-4B_1,239,184,184,239,181,143,219,47,14,33,130,57,53,71,150
2002-4B,2002-4B_8,239,184,184,238,179,146,216,49,40,42,111,65,55,65,126
8002-12C,8002-12C_7,222,158,133,213,165,117,195,54,51,24,89,63,48,65,119
2002-6C,2002-6C_8,236,184,174,233,187,148,217,55,42,38,114,71,60,73,140
2002-6C,2002-6C_1,236,184,174,238,185,135,222,46,16,34,130,57,53,70,152
2002-4B,2002-4B_7,239,184,184,227,174,143,172,36,46,47,82,64,29,34,63
2002-6C,2002-6C_6,236,184,174,222,167,136,171,31,44,48,79,61,25,29,58
8002-12C,8002-12C_6,222,158,133,228,167,122,212,57,66,35,78,59,30,39,70
8002-12C,8002-12C_1,222,158,133,201,155,121,170,54,55,47,89,74,28,42,82
8002-12C,8002-12C_8,222,158,133,230,163,107,216,53,40,45,114,67,64,73,131
2001-6B,2001-6B_6,125,179,176,198,168,130,185,60,25,25,87,45,27,41,86
2001-6B,2001-6B_1,125,179,176,235,179,146,194,55,62,70,99,79,47,51,76
2001-6B,2001-6B_8,125,179,176,235,181,146,213,51,38,37,109,63,53,64,126
2003-6C,2003-6C_6,242,201,186,209,181,141,188,53,31,27,80,43,27,38,84
2003-6C,2003-6C_1,242,201,186,240,204,147,220,46,15,32,129,57,51,69,153
2003-6C,2003-6C_8,242,201,186,228,204,163,209,54,40,30,111,68,48,65,134
2001-6B,2001-6B_7,125,179,176,211,181,144,182,53,42,21,86,59,40,60,110
2003-6C,2003-6C_7,242,201,186,231,197,159,190,44,54,30,73,53,29,37,68
8002-12B,8002-12B_3,236,187,168,239,183,124,214,40,13,35,122,48,48,62,137
8002-12B,8002-12B_4,236,187,168,214,172,132,164,31,43,34,72,56,20,27,56
8002-12B,8002-12B_5,236,187,168,203,170,129,183,53,29,25,79,43,23,34,79
8002-12B,8002-12B_2,236,187,168,217,184,153,169,54,53,46,87,71,29,43,82
2003-6B,2003-6B_5,233,165,140,201,145,102,160,28,39,25,64,46,24,29,58
2003-6B,2003-6B_2,233,165,140,193,151,100,186,56,32,25,85,49,27,41,90
8002-9B,8002-9B_3,238,194,187,213,188,168,165,57,57,45,92,76,31,47,88
2001-4B,2001-4B_4,235,189,190,218,192,157,188,58,44,24,87,58,42,60,108
2001-4B,2001-4B_3,235,189,190,208,186,170,161,57,54,48,97,78,28,47,87
2003-6B,2003-6B_3,233,165,140,237,170,99,220,50,19,41,127,57,58,74,153
2003-6B,2003-6B_4,233,165,140,235,167,100,217,44,14,27,118,48,47,62,136
2001-4B,2001-4B_2,235,189,190,242,190,153,222,47,16,32,130,58,51,69,150
2001-4B,2001-4B_5,235,189,190,237,187,160,204,50,58,33,72,53,31,38,67
8002-9B,8002-9B_2,238,194,187,225,173,134,171,31,40,47,74,55,26,28,53
8002-9B,8002-9B_5,238,194,187,201,174,143,182,57,31,24,80,43,25,39,83
8002-12C,8002-12C_4,222,158,133,236,167,98,226,52,21,44,134,60,62,78,159
8002-12C,8002-12C_3,222,158,133,232,161,97,221,45,14,31,125,51,54,69,146
2002-6C,2002-6C_3,236,184,174,216,180,156,174,66,64,62,100,85,40,53,89
2002-4B,2002-4B_2,239,184,184,242,183,143,220,51,21,41,128,60,56,73,153
2002-4B,2002-4B_5,239,184,184,210,180,153,156,52,43,36,84,62,24,40,74
2002-6C,2002-6C_4,236,184,174,215,185,147,187,52,46,23,87,61,44,62,112
8002-12C,8002-12C_2,222,158,133,184,143,98,181,57,33,22,82,48,26,40,89
8002-12C,8002-12C_5,222,158,133,190,132,94,162,25,37,25,64,46,16,21,51
2002-4B,2002-4B_4,239,184,184,217,185,146,181,54,39,22,87,57,48,67,110
2002-6C,2002-6C_5,236,184,174,227,183,146,197,47,58,26,69,50,25,34,65
2002-6C,2002-6C_2,236,184,174,240,188,138,219,52,20,40,127,61,55,73,152
2002-4B,2002-4B_3,239,184,184,231,181,150,191,44,50,27,70,50,28,37,67
2003-6C,2003-6C_2,242,201,186,240,204,146,218,51,19,40,129,61,57,74,155
2003-6C,2003-6C_5,242,201,186,218,180,141,162,29,40,32,69,52,20,25,54
2001-6B,2001-6B_2,125,179,176,240,181,139,219,50,20,39,126,57,58,74,153
2001-6B,2001-6B_5,125,179,176,231,181,149,199,49,58,29,74,54,30,39,70
2003-6C,2003-6C_4,242,201,186,225,200,160,194,52,50,24,87,61,47,63,115
2003-6C,2003-6C_3,242,201,186,217,193,169,164,48,50,39,83,68,24,37,79
2001-6B,2001-6B_4,125,179,176,208,177,149,161,52,45,40,85,64,27,43,78
2001-6B,2001-6B_3,125,179,176,236,175,132,219,46,16,38,130,61,50,67,147
8002-12B,8002-12B_7,236,187,168,229,190,149,193,46,56,28,73,54,29,38,71
8002-12B,8002-12B_8,236,187,168,230,198,150,212,57,42,36,119,74,57,75,142
8002-12B,8002-12B_1,236,187,168,241,193,131,220,51,20,40,127,58,58,75,154
8002-12B,8002-12B_6,236,187,168,227,193,147,193,54,49,25,88,61,52,67,116
8002-9B,8002-9B_7,238,194,187,232,184,146,194,43,52,34,72,49,33,38,68
2001-4B,2001-4B_7,235,189,190,226,173,147,168,32,41,37,71,51,28,32,59
2003-6B,2003-6B_8,233,165,140,219,169,120,193,52,50,25,88,63,52,68,120
2003-6B,2003-6B_1,233,165,140,235,169,109,214,51,36,40,105,59,56,66,119
2003-6B,2003-6B_6,233,165,140,212,163,123,175,60,60,52,90,77,33,45,84
8002-9B,8002-9B_8,238,194,187,228,200,161,208,56,35,31,114,68,54,73,139
2001-4B,2001-4B_6,235,189,190,206,177,139,188,61,27,26,85,41,26,41,84
2001-4B,2001-4B_1,235,189,190,241,188,154,222,51,23,41,130,64,55,71,154
2001-4B,2001-4B_8,235,189,190,235,188,155,211,48,33,36,108,61,51,62,123
8002-9B,8002-9B_6,238,194,187,238,189,146,216,48,21,43,127,60,55,73,150
8002-9B,8002-9B_1,238,194,187,223,197,164,190,55,49,25,89,62,45,63,114
2003-6B,2003-6B_7,233,165,140,230,170,120,204,53,61,30,71,53,30,37,66
1001-4B,1001-4B-1,209,195,219,164,153,157,167,119,113,58,88,59,102,106,134
1001-4B,1001-4B-2,209,195,219,154,149,160,155,75,74,120,141,125,99,103,135
1001-4B,1001-4B-3,209,195,219,134,134,131,142,75,61,114,136,110,94,100,109
1001-4B,1001-4B-4,209,195,219,150,154,169,153,76,76,119,149,145,91,103,132
1001-4B,1001-4B-5,209,195,219,143,140,160,155,78,82,119,145,137,89,96,139
1004-4C,1004-4C-1,238,215,226,168,158,156,163,75,66,134,145,130,100,103,127
1004-4C,1004-4C-2,238,215,226,167,158,165,152,77,76,116,138,124,128,130,148
1004-4C,1004-4C-3,238,215,226,139,138,135,136,74,65,107,130,110,83,90,104
1004-4C,1004-4C-4,238,215,226,161,160,153,159,78,65,118,143,121,118,118,125
1004-4C,1004-4C-5,238,215,226,165,158,171,161,77,80,125,149,141,91,98,141
4005-7A,4005-7A-1,227,236,240,169,172,172,164,88,84,136,153,139,85,91,123
4005-7A,4005-7A-2,227,236,240,173,174,179,165,82,81,134,154,141,138,141,159
4005-7A,4005-7A-3,227,236,240,136,134,129,138,71,65,112,125,107,83,83,95
4005-7A,4005-7A-4,227,236,240,164,160,153,154,91,82,130,135,121,91,87,98
4005-7A,4005-7A-5,227,236,240,164,167,171,163,76,75,193,196,196,87,92,132
6004-1A,6004-1A-1,234,232,225,160,159,153,156,75,70,125,140,123,123,125,136
6004-1A,6004-1A-2,234,232,225,167,168,168,155,76,76,133,146,134,94,99,132
6004-1A,6004-1A-3,234,232,225,138,137,134,139,73,72,115,130,119,76,77,97
6004-1A,6004-1A-4,234,232,225,174,172,170,161,72,70,129,142,130,115,118,139
6004-1A,6004-1A-5,234,232,225,167,169,172,163,74,75,194,193,190,107,112,144
7001-19,7001-19-1,228,213,207,166,160,153,159,74,69,148,159,142,90,93,121
7001-19,7001-19-2,228,213,207,159,156,155,152,79,77,116,137,123,108,113,136
7001-19,7001-19-3,228,213,207,137,135,130,143,71,67,111,128,114,76,81,106
7001-19,7001-19-4,228,213,207,164,163,157,169,83,79,154,165,154,94,98,123
7001-19,7001-19-5,228,213,207,157,156,160,160,75,77,119,145,135,88,95,136
7001-21,7001-21-1,247,238,234,171,167,163,168,97,92,126,143,126,94,96,122
7001-21,7001-21-2,247,238,234,171,169,171,157,88,87,196,191,186,103,107,137
7001-21,7001-21-3,247,238,234,142,137,132,132,68,65,104,116,102,106,101,109
7001-21,7001-21-4,247,238,234,165,150,152,163,77,72,133,146,128,119,116,122
7001-21,7001-21-5,247,238,234,175,175,178,161,74,75,191,190,187,93,101,139
7002-10,7002-10-1,244,230,210,173,170,156,166,87,83,141,154,137,93,95,120
7002-10,7002-10-2,244,230,210,170,167,160,159,87,87,118,139,124,97,101,131
7002-10,7002-10-3,244,230,210,138,134,126,132,64,63,103,116,104,106,100,108
7002-10,7002-10-4,244,230,210,165,161,156,157,70,72,130,139,131,156,145,142
7002-10,7002-10-5,244,230,210,161,160,159,151,69,73,161,162,161,86,93,134
7002-17,7002-17-1,249,231,215,171,166,154,159,97,90,134,146,130,92,94,120
7002-17,7002-17-2,249,231,215,166,162,158,152,77,76,117,137,122,96,100,132
7002-17,7002-17-3,249,231,215,139,135,127,135,67,66,110,125,114,85,86,101
7002-17,7002-17-4,249,231,215,166,156,147,157,70,69,115,127,113,84,83,105
7002-17,7002-17-5,249,231,215,167,165,166,162,76,78,113,140,129,93,100,140
7003-10,7003-10-1,232,216,189,168,163,147,167,82,77,142,158,139,93,96,123
7003-10,7003-10-2,232,216,189,153,147,130,160,82,79,120,139,121,116,117,135
7003-10,7003-10-3,232,216,189,132,128,120,141,67,67,187,185,181,101,98,105
7003-10,7003-10-4,232,216,189,161,156,149,166,75,76,138,152,144,97,98,126
7003-10,7003-10-5,232,216,189,162,160,153,168,78,80,123,149,135,92,99,136
8007-3E,8007-3E-1,221,229,230,170,169,168,167,82,78,145,157,142,112,115,135
8007-3E,8007-3E-2,221,229,230,151,152,154,140,97,95,118,130,120,101,105,125
8007-3E,8007-3E-3,221,229,230,149,148,145,149,69,64,116,132,114,86,85,104
8007-3E,8007-3E-4,221,229,230,151,149,143,160,76,70,125,140,121,99,97,111
8007-3E,8007-3E-5,221,229,230,148,152,161,156,76,78,117,137,132,95,102,142
1002-4B,1002-4B_1,227,209,223,158,148,148,97,79,132,109,107,88,153,138,127
1002-4B,1002-4B_2,227,209,223,145,129,134,90,67,129,94,90,77,128,98,90
1002-4B,1002-4B_3,227,209,223,197,158,159,120,84,136,165,148,122,151,94,79
1002-4B,1002-4B_5,227,209,223,169,159,160,141,123,196,189,198,182,192,160,146
1004-4B,1004-4B_1,234,200,217,158,152,174,101,96,185,132,140,117,158,125,116
1004-4B,1004-4B_2,234,200,217,192,185,199,171,168,218,169,179,156,187,182,176
1004-4B,1004-4B_3,234,200,217,192,177,195,141,122,211,173,182,150,181,139,128
1004-4B,1004-4B_4,234,200,217,145,133,142,179,175,218,157,162,139,168,152,141
1004-4C,1004-4C_1,238,215,226,195,192,192,172,168,219,174,182,155,185,161,148
1004-4C,1004-4C_2,238,215,226,109,90,99,61,37,79,72,62,57,95,68,65
1004-4C,1004-4C_3,238,215,226,195,161,160,120,83,148,173,159,129,141,83,69
1004-4C,1004-4C_5,238,215,226,149,136,142,124,107,165,105,104,90,136,116,108
1006-6B,1006-6B_1,224,196,204,177,163,161,161,136,187,159,152,125,182,141,120
1006-6B,1006-6B_2,224,196,204,173,160,176,118,95,172,148,149,130,128,99,93
1006-6B,1006-6B_3,224,196,204,132,122,126,132,114,192,121,120,103,128,96,89
1006-6B,1006-6B_4,224,196,204,99,87,92,140,121,180,90,88,77,109,82,77
1006-6B,1006-6B_5,224,196,204,175,164,173,163,152,209,147,147,130,156,132,126
1006-6C,1006-6C_1,239,220,222,190,189,196,123,107,199,162,165,142,160,118,110
1006-6C,1006-6C_2,239,220,222,204,197,198,146,120,203,176,176,147,187,149,138
1006-6C,1006-6C_3,239,220,222,191,182,186,154,130,194,152,148,131,179,162,157
1006-6C,1006-6C_4,239,220,222,177,169,175,108,86,156,122,120,106,149,129,124
1008-4B,1008-4B_2,231,181,189,180,166,193,139,117,204,173,176,155,171,129,123
1008-4B,1008-4B_3,231,181,189,138,128,159,106,106,203,145,154,130,181,144,134
1008-4B,1008-4B_4,231,181,189,106,98,100,117,102,167,130,133,122,150,142,141
1008-4B,1008-4B_5,231,181,189,147,128,158,122,96,185,168,166,154,160,128,124
1008-6C,1008-6C_1,241,208,207,227,202,201,149,110,179,224,209,189,179,112,95
1008-6C,1008-6C_2,241,208,207,178,164,178,131,109,177,154,152,131,151,125,117
1008-6C,1008-6C_3,241,208,207,146,141,148,99,85,150,111,110,93,121,88,80
1008-6C,1008-6C_4,241,208,207,172,161,170,106,85,141,129,126,109,140,118,111
1008-6C,1008-6C_5,241,208,207,195,185,194,176,161,220,165,161,145,193,172,166
2001-6C,2001-6C_1,243,205,202,200,179,182,145,124,200,207,196,165,192,162,149
2001-6C,2001-6C_2,243,205,202,197,186,197,142,116,201,184,183,160,176,132,123
8002-10A,8002-10A_4,249,217,208,198,197,206,151,129,211,178,182,158,187,161,152
8002-10A,8002-10A_5,249,217,208,166,159,172,95,73,124,135,134,118,147,127,122
8002-1A,8002-1A_1,231,224,233,167,153,160,109,87,146,116,113,97,152,127,120
8002-1A,8002-1A_2,231,224,233,194,187,194,154,145,214,165,163,143,192,162,156
8002-1A,8002-1A_4,231,224,233,146,137,138,99,79,145,85,82,72,113,83,75
8002-1A,8002-1A_5,231,224,233,167,158,157,109,89,148,99,97,82,168,159,158
8002-2B,8002-2B_1,223,196,216,135,120,128,90,69,138,108,105,91,90,60,56
8002-2B,8002-2B_2,223,196,216,169,163,171,108,97,171,139,148,118,115,89,78
8002-2B,8002-2B_3,223,196,216,224,190,192,192,156,203,195,182,156,178,112,96
8002-2B,8002-2B_4,223,196,216,221,171,180,141,97,192,196,184,139,213,113,94
8002-2B,8002-2B_5,223,196,216,190,200,206,137,145,214,171,193,163,191,192,183
8002-9A,8002-9A_1,241,217,211,117,119,132,98,88,154,113,119,103,121,94,88
8002-9A,8002-9A_4,241,217,211,186,178,188,115,92,172,157,155,138,137,103,96
1001-4A,1001-4A,185,169,200,167,151,185,168,28,39,2,83,48,35,43,92
1001-4A,1001-4A,185,169,200,204,181,228,224,40,66,20,116,74,20,43,119
1003-3A,1003-3A,122,75,112,107,54,82,188,25,38,9,88,41,42,45,92
1003-3A,1003-3A,122,75,112,164,101,146,249,69,90,21,143,87,33,56,149
1003-3B,1003-3B,169,119,162,162,97,133,181,22,37,4,81,35,34,38,84
1003-3B,1003-3B,169,119,162,199,127,191,232,16,54,4,105,63,17,40,116
1003-3C,1003-3C,196,155,191,180,134,171,164,22,36,1,75,40,32,37,86
1003-3C,1003-3C,196,155,191,212,157,215,227,44,76,2,103,62,26,48,130
1004-3B,1004-3B,175,113,147,145,84,108,164,20,33,2,78,37,33,37,83
1004-3B,1004-3B,175,113,147,217,137,186,244,91,110,10,119,75,33,55,142
1004-3C,1004-3C,203,152,178,176,133,153,163,22,36,1,78,44,30,36,86
1004-3C,1004-3C,203,152,178,222,164,204,232,51,79,17,118,75,29,50,135
1007-5C,1007-5C,197,144,152,188,130,132,174,24,35,3,80,38,36,40,86
1007-5C,1007-5C,197,144,152,232,165,184,233,24,58,4,113,66,23,47,129
1008-3C,1008-3C,202,121,131,184,101,109,167,16,30,0,78,38,29,34,82
1008-3C,1008-3C,202,121,131,235,130,153,225,15,52,6,106,61,20,40,117
1008-5C,1008-5C,188,123,126,169,110,100,172,22,32,1,66,29,23,30,66
1008-5C,1008-5C,188,123,126,228,153,161,238,56,79,20,121,75,24,47,130
2001-3C,2001-3C,218,130,131,199,111,105,168,21,35,2,77,39,33,38,85
2001-3C,2001-3C,218,130,131,243,133,140,231,21,55,2,103,55,25,41,117
2002-3B,2002-3B,200,99,97,179,77,63,169,23,22,12,78,33,38,38,75
2002-3B,2002-3B,200,99,97,247,118,124,245,39,73,5,116,65,29,50,138